1,Breathable mesh sports leggings for ultimate comfort.,39.99,8/21/2024
2,A sweet and tangy vinaigrette dressing for salads.,3.39,10/5/2024
3,Practical cargo pants with lots of pockets for functionality.,54.99,3/17/2024
4,Creamy ranch dressing perfect for salads and dips.,2.59,8/30/2024
5,Tofu stir-fried with fresh vegetables in teriyaki sauce.,7.49,2/4/2025
6,Cozy beanie hat to keep your head warm in the cold.,14.99,7/28/2024
7,Lightweight and portable picnic table for outdoor use.,49.99,8/27/2024
8,Convenient magnetic jars for easy spice storage.,24.99,8/7/2024
9,Tender riblets coated in a honey barbecue glaze perfect for grilling or baking.,12.99,11/25/2024
10,Perfectly balanced sweet and tangy BBQ sauce for dipping or grilling.,3.49,9/2/2024
11,Roasted almonds dipped in rich dark chocolate.,7.19,10/29/2024
12,Rich vegetable broth for soups and stews.,2.29,5/23/2024
13,Hands-on experience with science and engineering projects.,35.99,7/20/2024
14,Lightweight and moisture-wicking racerback tank for workouts.,24.99,8/10/2024
15,Rich and creamy milk perfect for baking or desserts.,1.89,2/10/2025
16,Padded laptop sleeve for protection against scratches.,24.99,5/26/2024
17,A whole free-range chicken ready for roasting.,12.99,8/30/2024
18,Durable bag for carrying your yoga mat and accessories.,18.99,2/11/2025
19,Crunchy seasoned chickpeas for a wholesome snack.,3.49,12/30/2024
20,"Spicy and creamy dip made with shredded chicken perfect for parties.",5.99,3/3/2025
21,Oversized gaming mousepad with smooth surface.,19.99,12/24/2024
22,Large stir fry pan with non-stick surface.,49.99,3/21/2025
23,"A smoky barbecue sauce ideal for grilling and dipping.",3.49,2/23/2024
24,Refreshing sorbet with a zesty lemon flavor.,4.99,10/19/2024
25,Lightweight yoga mat for practicing on the go.,34.99,3/24/2025
